{
  "original": {
    "svm": {
      "method": "SVM+TF-IDF",
      "folds": 5,
      "per_fold_macro_f1": [
        0.7667565535720106,
        0.7678342181265011,
        0.7898231944351535,
        0.764534524861902,
        0.7705419376319179
      ],
      "per_fold_acc": [
        0.7976588628762542,
        0.7976588628762542,
        0.8154960981047937,
        0.7937569676700111,
        0.7997769102063581
      ],
      "acc_mean": 0.8008695403467343,
      "acc_std": 0.007567504505371276,
      "macro_f1_mean": 0.771898085725497,
      "macro_f1_std": 0.009168653786070149,
      "f1_c0_mean": 0.8531824412613943,
      "f1_c0_std": 0.005326280099189988,
      "f1_c1_mean": 0.6906137301895996,
      "f1_c1_std": 0.01312423945816859,
      "precision_mean": 0.7844885276915043,
      "precision_std": 0.008586150870992192,
      "recall_mean": 0.7638823947888167,
      "recall_std": 0.00939523573476663
    },
    "bert": {
      "method": "BERT-base-chinese",
      "folds": 5,
      "per_fold_macro_f1": [
        0.7900124631947916,
        0.7794077426576149,
        0.807107497935299,
        0.7945827186058745,
        0.7962516637044335
      ],
      "per_fold_acc": [
        0.8132664437012264,
        0.7887402452619844,
        0.8199554069119287,
        0.8160535117056856,
        0.8137200223089793
      ],
      "acc_mean": 0.8103471259779609,
      "acc_std": 0.01106018119637501,
      "macro_f1_mean": 0.7934724172196027,
      "macro_f1_std": 0.00899620763103862,
      "f1_c0_mean": 0.8516931406594621,
      "f1_c0_std": 0.013585292944882183,
      "f1_c1_mean": 0.7352516937797433,
      "f1_c1_std": 0.012403310400862856,
      "precision_mean": 0.79254196416909,
      "precision_std": 0.008704466876868312,
      "recall_mean": 0.7996609955965818,
      "recall_std": 0.011126988658454845
    }
  },
  "cleaned_full": {
    "svm": {
      "method": "SVM+TF-IDF",
      "folds": 5,
      "per_fold_macro_f1": [
        0.804356620093147,
        0.792825431284928,
        0.8139512596384604,
        0.8003541231473192,
        0.7873649439448581
      ],
      "per_fold_acc": [
        0.8170663692136084,
        0.8047964305633017,
        0.8258928571428571,
        0.8125,
        0.7996651785714286
      ],
      "acc_mean": 0.8119841670982393,
      "acc_std": 0.0091974730823267,
      "macro_f1_mean": 0.7997704756217426,
      "macro_f1_std": 0.009215192433172606,
      "f1_c0_mean": 0.8492076310365075,
      "f1_c0_std": 0.008052767562439425,
      "f1_c1_mean": 0.7503333202069777,
      "f1_c1_std": 0.010412279144084642,
      "precision_mean": 0.8072305419587316,
      "precision_std": 0.010946869209021498,
      "recall_mean": 0.7950877204951889,
      "recall_std": 0.008393460881194033
    },
    "bert": {
      "method": "BERT-base-chinese",
      "folds": 5,
      "per_fold_macro_f1": [
        0.843461615643023,
        0.8210467509708461,
        0.8424045139442079,
        0.8507998810585786,
        0.8416634419420581
      ],
      "per_fold_acc": [
        0.8505298382598996,
        0.8282208588957055,
        0.8459821428571429,
        0.85546875,
        0.8470982142857143
      ],
      "acc_mean": 0.8454599608596924,
      "acc_std": 0.009230630550069062,
      "macro_f1_mean": 0.8398752407117428,
      "macro_f1_std": 0.009963099562917613,
      "f1_c0_mean": 0.8695885446367869,
      "f1_c0_std": 0.007538507128389208,
      "f1_c1_mean": 0.8101619367866985,
      "f1_c1_std": 0.013432156577523651,
      "precision_mean": 0.8379392973061612,
      "precision_std": 0.009556070161738468,
      "recall_mean": 0.8436784610677852,
      "recall_std": 0.011628281134167156
    }
  },
  "cleaned_highconf": {
    "svm": {
      "method": "SVM+TF-IDF",
      "folds": 5,
      "per_fold_macro_f1": [
        0.8760645110698695,
        0.8679518219142561,
        0.8643068340339033,
        0.8662323244263044,
        0.8647660954145437
      ],
      "per_fold_acc": [
        0.8844738778513613,
        0.8756438557763061,
        0.8727005150846211,
        0.8748159057437408,
        0.8733431516936672
      ],
      "acc_mean": 0.8761954612299393,
      "acc_std": 0.00426825355205612,
      "macro_f1_mean": 0.8678643173717756,
      "macro_f1_std": 0.004293457853544017,
      "f1_c0_mean": 0.9010333054474033,
      "f1_c0_std": 0.003729887679594026,
      "f1_c1_mean": 0.8346953292961474,
      "f1_c1_std": 0.004959742930493393,
      "precision_mean": 0.8698064384218254,
      "precision_std": 0.005347834038029053,
      "recall_mean": 0.8661730763171199,
      "recall_std": 0.0036849685851689023
    },
    "bert": {
      "method": "BERT-base-chinese",
      "folds": 5,
      "per_fold_macro_f1": [
        0.919084557235983,
        0.9093975006207068,
        0.9140190033589473,
        0.9133607497262671,
        0.9079681340072958
      ],
      "per_fold_acc": [
        0.9242089771891097,
        0.9146431199411332,
        0.9190581309786607,
        0.9182621502209131,
        0.914580265095729
      ],
      "acc_mean": 0.9181505286851092,
      "acc_std": 0.0035380700321252494,
      "macro_f1_mean": 0.91276598898984,
      "macro_f1_std": 0.0039042084050537433,
      "f1_c0_mean": 0.9344167909234296,
      "f1_c0_std": 0.0028004306766339555,
      "f1_c1_mean": 0.8911151870562504,
      "f1_c1_std": 0.0052605184749764675,
      "precision_mean": 0.9143280377609916,
      "precision_std": 0.003992641665790446,
      "recall_mean": 0.9115307171747034,
      "recall_std": 0.004972368037091521
    }
  }
}